<component name="ProjectRunConfigurationManager">
  <configuration default="false" name="Desafio-QA-Stone-Vitta [run...]" type="MavenRunConfiguration" factoryName="Maven" singleton="false">
    <MavenSettings>
      <option name="myGeneralSettings" />
      <option name="myRunnerSettings" />
      <option name="myRunnerParameters">
        <MavenRunnerParameters>
          <option name="profiles">
            <set />
          </option>
          <option name="goals">
            <list>
              <option value="run" />
              <option value="Desafio-QA-Stone-Vitta" />
            </list>
          </option>
          <option name="pomFileName" />
          <option name="profilesMap">
            <map />
          </option>
          <option name="resolveToWorkspace" value="false" />
          <option name="workingDirPath" value="$PROJECT_DIR$" />
        </MavenRunnerParameters>
      </option>
    </MavenSettings>
    <method v="2" />
  </configuration>
</component>